Payment_Number,Payment_Date,Beginning_Balance,Payment_Amount,Principal_Payment,Interest_Payment,Ending_Balance,Cumulative_Principal,Cumulative_Interest
SCENARIO: Current Mortgage,Rate: 7.490%,"Original Balance: $538,450.23","Monthly Payment: $3,805.59",Total Payments: 344,"Total Interest: $774,408.80","Total Cost: $1,309,122.96",,
,,,,,,,,
1,2025-08-01,538450.23,3805.59,444.76,3360.83,538005.47,444.76,0.0
2,2025-09-01,538005.47,3805.59,447.54,3358.05,537557.93,892.3,3360.83
3,2025-10-01,537557.93,3805.59,450.33,3355.26,537107.6,1342.63,6718.88
4,2025-11-01,537107.6,3805.59,453.14,3352.45,536654.45,1795.78,10074.14
5,2025-12-01,536654.45,3805.59,455.97,3349.62,536198.48,2251.75,13426.58
6,2026-01-01,536198.48,3805.59,458.82,3346.77,535739.66,2710.57,16776.2
7,2026-02-01,535739.66,3805.59,461.68,3343.91,535277.98,3172.25,20122.97
8,2026-03-01,535277.98,3805.59,464.56,3341.03,534813.42,3636.81,23466.88
9,2026-04-01,534813.42,3805.59,467.46,3338.13,534345.95,4104.28,26807.91
10,2026-05-01,534345.95,3805.59,470.38,3335.21,533875.57,4574.66,30146.03
11,2026-06-01,533875.57,3805.59,473.32,3332.27,533402.26,5047.97,33481.24
12,2026-07-01,533402.26,3805.59,476.27,3329.32,532925.99,5524.24,36813.52
13,2026-08-01,532925.99,3805.59,479.24,3326.35,532446.74,6003.49,40142.84
14,2026-09-01,532446.74,3805.59,482.23,3323.36,531964.51,6485.72,43469.18
15,2026-10-01,531964.51,3805.59,485.24,3320.35,531479.26,6970.97,46792.54
16,2026-11-01,531479.26,3805.59,488.27,3317.32,530990.99,7459.24,50112.88
17,2026-12-01,530990.99,3805.59,491.32,3314.27,530499.67,7950.56,53430.2
18,2027-01-01,530499.67,3805.59,494.39,3311.2,530005.28,8444.95,56744.47
19,2027-02-01,530005.28,3805.59,497.47,3308.12,529507.81,8942.42,60055.67
20,2027-03-01,529507.81,3805.59,500.58,3305.01,529007.23,9443.0,63363.79
21,2027-04-01,529007.23,3805.59,503.7,3301.89,528503.52,9946.71,66668.8
22,2027-05-01,528503.52,3805.59,506.85,3298.74,527996.68,10453.55,69970.68
23,2027-06-01,527996.68,3805.59,510.01,3295.58,527486.67,10963.56,73269.43
24,2027-07-01,527486.67,3805.59,513.19,3292.4,526973.47,11476.76,76565.01
25,2027-08-01,526973.47,3805.59,516.4,3289.19,526457.07,11993.16,79857.4
26,2027-09-01,526457.07,3805.59,519.62,3285.97,525937.45,12512.78,83146.59
27,2027-10-01,525937.45,3805.59,522.86,3282.73,525414.59,13035.64,86432.56
28,2027-11-01,525414.59,3805.59,526.13,3279.46,524888.46,13561.77,89715.29
29,2027-12-01,524888.46,3805.59,529.41,3276.18,524359.05,14091.18,92994.75
30,2028-01-01,524359.05,3805.59,532.72,3272.87,523826.34,14623.89,96270.93
31,2028-02-01,523826.34,3805.59,536.04,3269.55,523290.3,15159.93,99543.81
32,2028-03-01,523290.3,3805.59,539.39,3266.2,522750.91,15699.32,102813.36
33,2028-04-01,522750.91,3805.59,542.75,3262.84,522208.16,16242.07,106079.56
34,2028-05-01,522208.16,3805.59,546.14,3259.45,521662.02,16788.21,109342.4
35,2028-06-01,521662.02,3805.59,549.55,3256.04,521112.47,17337.76,112601.85
36,2028-07-01,521112.47,3805.59,552.98,3252.61,520559.49,17890.74,115857.89
37,2028-08-01,520559.49,3805.59,556.43,3249.16,520003.06,18447.17,119110.5
38,2028-09-01,520003.06,3805.59,559.9,3245.69,519443.15,19007.08,122359.66
39,2028-10-01,519443.15,3805.59,563.4,3242.19,518879.75,19570.48,125605.34
40,2028-11-01,518879.75,3805.59,566.92,3238.67,518312.84,20137.39,128847.53
41,2028-12-01,518312.84,3805.59,570.45,3235.14,517742.38,20707.85,132086.21
42,2029-01-01,517742.38,3805.59,574.01,3231.58,517168.37,21281.86,135321.34
43,2029-02-01,517168.37,3805.59,577.6,3227.99,516590.77,21859.46,138552.92
44,2029-03-01,516590.77,3805.59,581.2,3224.39,516009.57,22440.66,141780.91
45,2029-04-01,516009.57,3805.59,584.83,3220.76,515424.74,23025.49,145005.3
46,2029-05-01,515424.74,3805.59,588.48,3217.11,514836.26,23613.97,148226.06
47,2029-06-01,514836.26,3805.59,592.15,3213.44,514244.1,24206.13,151443.17
48,2029-07-01,514244.1,3805.59,595.85,3209.74,513648.25,24801.98,154656.6
49,2029-08-01,513648.25,3805.59,599.57,3206.02,513048.68,25401.55,157866.34
50,2029-09-01,513048.68,3805.59,603.31,3202.28,512445.37,26004.86,161072.36
51,2029-10-01,512445.37,3805.59,607.08,3198.51,511838.3,26611.93,164274.64
52,2029-11-01,511838.3,3805.59,610.87,3194.72,511227.43,27222.8,167473.16
53,2029-12-01,511227.43,3805.59,614.68,3190.91,510612.75,27837.48,170667.88
54,2030-01-01,510612.75,3805.59,618.52,3187.07,509994.24,28455.99,173858.79
55,2030-02-01,509994.24,3805.59,622.38,3183.21,509371.86,29078.37,177045.87
56,2030-03-01,509371.86,3805.59,626.26,3179.33,508745.6,29704.63,180229.08
57,2030-04-01,508745.6,3805.59,630.17,3175.42,508115.43,30334.8,183408.41
58,2030-05-01,508115.43,3805.59,634.1,3171.49,507481.33,30968.9,186583.83
59,2030-06-01,507481.33,3805.59,638.06,3167.53,506843.27,31606.96,189755.32
60,2030-07-01,506843.27,3805.59,642.04,3163.55,506201.22,32249.01,192922.85
61,2030-08-01,506201.22,3805.59,646.05,3159.54,505555.17,32895.06,196086.39
62,2030-09-01,505555.17,3805.59,650.08,3155.51,504905.09,33545.14,199245.93
63,2030-10-01,504905.09,3805.59,654.14,3151.45,504250.95,34199.28,202401.44
64,2030-11-01,504250.95,3805.59,658.22,3147.37,503592.73,34857.5,205552.89
65,2030-12-01,503592.73,3805.59,662.33,3143.26,502930.39,35519.84,208700.26
66,2031-01-01,502930.39,3805.59,666.47,3139.12,502263.93,36186.3,211843.51
67,2031-02-01,502263.93,3805.59,670.63,3134.96,501593.3,36856.93,214982.64
68,2031-03-01,501593.3,3805.59,674.81,3130.78,500918.49,37531.74,218117.6
69,2031-04-01,500918.49,3805.59,679.02,3126.57,500239.47,38210.76,221248.38
70,2031-05-01,500239.47,3805.59,683.26,3122.33,499556.2,38894.03,224374.95
71,2031-06-01,499556.2,3805.59,687.53,3118.06,498868.68,39581.55,227497.27
72,2031-07-01,498868.68,3805.59,691.82,3113.77,498176.86,40273.37,230615.34
73,2031-08-01,498176.86,3805.59,696.14,3109.45,497480.72,40969.51,233729.11
74,2031-09-01,497480.72,3805.59,700.48,3105.11,496780.24,41669.99,236838.56
75,2031-10-01,496780.24,3805.59,704.85,3100.74,496075.39,42374.84,239943.67
76,2031-11-01,496075.39,3805.59,709.25,3096.34,495366.14,43084.09,243044.41
77,2031-12-01,495366.14,3805.59,713.68,3091.91,494652.46,43797.77,246140.75
78,2032-01-01,494652.46,3805.59,718.13,3087.46,493934.32,44515.91,249232.66
79,2032-02-01,493934.32,3805.59,722.62,3082.97,493211.71,45238.52,252320.11
80,2032-03-01,493211.71,3805.59,727.13,3078.46,492484.58,45965.65,255403.09
81,2032-04-01,492484.58,3805.59,731.67,3073.92,491752.91,46697.32,258481.55
82,2032-05-01,491752.91,3805.59,736.23,3069.36,491016.68,47433.55,261555.47
83,2032-06-01,491016.68,3805.59,740.83,3064.76,490275.85,48174.38,264624.83
84,2032-07-01,490275.85,3805.59,745.45,3060.14,489530.4,48919.83,267689.59
85,2032-08-01,489530.4,3805.59,750.1,3055.49,488780.3,49669.93,270749.73
86,2032-09-01,488780.3,3805.59,754.79,3050.8,488025.51,50424.72,273805.22
87,2032-10-01,488025.51,3805.59,759.5,3046.09,487266.01,51184.22,276856.02
88,2032-11-01,487266.01,3805.59,764.24,3041.35,486501.78,51948.45,279902.11
89,2032-12-01,486501.78,3805.59,769.01,3036.58,485732.77,52717.46,282943.47
90,2033-01-01,485732.77,3805.59,773.81,3031.78,484958.96,53491.27,285980.05
91,2033-02-01,484958.96,3805.59,778.64,3026.95,484180.32,54269.91,289011.83
92,2033-03-01,484180.32,3805.59,783.5,3022.09,483396.82,55053.41,292038.78
93,2033-04-01,483396.82,3805.59,788.39,3017.2,482608.44,55841.79,295060.87
94,2033-05-01,482608.44,3805.59,793.31,3012.28,481815.13,56635.1,298078.08
95,2033-06-01,481815.13,3805.59,798.26,3007.33,481016.87,57433.36,301090.36
96,2033-07-01,481016.87,3805.59,803.24,3002.35,480213.62,58236.61,304097.69
97,2033-08-01,480213.62,3805.59,808.26,2997.33,479405.37,59044.86,307100.03
98,2033-09-01,479405.37,3805.59,813.3,2992.29,478592.06,59858.17,310097.37
99,2033-10-01,478592.06,3805.59,818.38,2987.21,477773.69,60676.54,313089.65
100,2033-11-01,477773.69,3805.59,823.49,2982.1,476950.2,61500.03,316076.87
101,2033-12-01,476950.2,3805.59,828.63,2976.96,476121.57,62328.66,319058.97
102,2034-01-01,476121.57,3805.59,833.8,2971.79,475287.78,63162.45,322035.93
103,2034-02-01,475287.78,3805.59,839.0,2966.59,474448.77,64001.46,325007.73
104,2034-03-01,474448.77,3805.59,844.24,2961.35,473604.54,64845.69,327974.31
105,2034-04-01,473604.54,3805.59,849.51,2956.08,472755.03,65695.2,330935.67
106,2034-05-01,472755.03,3805.59,854.81,2950.78,471900.22,66550.01,333891.75
107,2034-06-01,471900.22,3805.59,860.15,2945.44,471040.07,67410.16,336842.53
108,2034-07-01,471040.07,3805.59,865.51,2940.08,470174.56,68275.67,339787.97
109,2034-08-01,470174.56,3805.59,870.92,2934.67,469303.64,69146.59,342728.05
110,2034-09-01,469303.64,3805.59,876.35,2929.24,468427.29,70022.94,345662.72
111,2034-10-01,468427.29,3805.59,881.82,2923.77,467545.46,70904.77,348591.96
112,2034-11-01,467545.46,3805.59,887.33,2918.26,466658.14,71792.09,351515.72
113,2034-12-01,466658.14,3805.59,892.87,2912.72,465765.27,72684.96,354433.99
114,2035-01-01,465765.27,3805.59,898.44,2907.15,464866.83,73583.4,357346.71
115,2035-02-01,464866.83,3805.59,904.05,2901.54,463962.79,74487.44,360253.86
116,2035-03-01,463962.79,3805.59,909.69,2895.9,463053.1,75397.13,363155.41
117,2035-04-01,463053.1,3805.59,915.37,2890.22,462137.73,76312.5,366051.31
118,2035-05-01,462137.73,3805.59,921.08,2884.51,461216.65,77233.58,368941.53
119,2035-06-01,461216.65,3805.59,926.83,2878.76,460289.82,78160.41,371826.04
120,2035-07-01,460289.82,3805.59,932.61,2872.98,459357.21,79093.02,374704.8
121,2035-08-01,459357.21,3805.59,938.44,2867.15,458418.77,80031.46,377577.78
122,2035-09-01,458418.77,3805.59,944.29,2861.3,457474.48,80975.75,380444.93
123,2035-10-01,457474.48,3805.59,950.19,2855.4,456524.29,81925.94,383306.23
124,2035-11-01,456524.29,3805.59,956.12,2849.47,455568.17,82882.06,386161.63
125,2035-12-01,455568.17,3805.59,962.09,2843.5,454606.09,83844.14,389011.1
126,2036-01-01,454606.09,3805.59,968.09,2837.5,453638.0,84812.23,391854.61
127,2036-02-01,453638.0,3805.59,974.13,2831.46,452663.86,85786.37,394692.11
128,2036-03-01,452663.86,3805.59,980.21,2825.38,451683.65,86766.58,397523.56
129,2036-04-01,451683.65,3805.59,986.33,2819.26,450697.32,87752.91,400348.94
130,2036-05-01,450697.32,3805.59,992.49,2813.1,449704.83,88745.4,403168.2
131,2036-06-01,449704.83,3805.59,998.68,2806.91,448706.15,89744.08,405981.3
132,2036-07-01,448706.15,3805.59,1004.92,2800.67,447701.23,90749.0,408788.21
133,2036-08-01,447701.23,3805.59,1011.19,2794.4,446690.05,91760.18,411588.88
134,2036-09-01,446690.05,3805.59,1017.5,2788.09,445672.55,92777.68,414383.29
135,2036-10-01,445672.55,3805.59,1023.85,2781.74,444648.7,93801.53,417171.38
136,2036-11-01,444648.7,3805.59,1030.24,2775.35,443618.46,94831.77,419953.12
137,2036-12-01,443618.46,3805.59,1036.67,2768.92,442581.78,95868.45,422728.47
138,2037-01-01,442581.78,3805.59,1043.14,2762.45,441538.64,96911.59,425497.38
139,2037-02-01,441538.64,3805.59,1049.65,2755.94,440488.99,97961.24,428259.83
140,2037-03-01,440488.99,3805.59,1056.2,2749.39,439432.78,99017.45,431015.77
141,2037-04-01,439432.78,3805.59,1062.8,2742.79,438369.99,100080.24,433765.15
142,2037-05-01,438369.99,3805.59,1069.43,2736.16,437300.56,101149.67,436507.95
143,2037-06-01,437300.56,3805.59,1076.11,2729.48,436224.45,102225.78,439244.11
144,2037-07-01,436224.45,3805.59,1082.82,2722.77,435141.63,103308.6,441973.59
145,2037-08-01,435141.63,3805.59,1089.58,2716.01,434052.05,104398.18,444696.36
146,2037-09-01,434052.05,3805.59,1096.38,2709.21,432955.67,105494.56,447412.37
147,2037-10-01,432955.67,3805.59,1103.23,2702.36,431852.44,106597.79,450121.58
148,2037-11-01,431852.44,3805.59,1110.11,2695.48,430742.33,107707.9,452823.94
149,2037-12-01,430742.33,3805.59,1117.04,2688.55,429625.29,108824.94,455519.42
150,2038-01-01,429625.29,3805.59,1124.01,2681.58,428501.28,109948.95,458207.97
151,2038-02-01,428501.28,3805.59,1131.03,2674.56,427370.25,111079.98,460889.55
152,2038-03-01,427370.25,3805.59,1138.09,2667.5,426232.16,112218.07,463564.11
153,2038-04-01,426232.16,3805.59,1145.19,2660.4,425086.97,113363.26,466231.61
154,2038-05-01,425086.97,3805.59,1152.34,2653.25,423934.63,114515.6,468892.01
155,2038-06-01,423934.63,3805.59,1159.53,2646.06,422775.1,115675.13,471545.26
156,2038-07-01,422775.1,3805.59,1166.77,2638.82,421608.33,116841.9,474191.32
157,2038-08-01,421608.33,3805.59,1174.05,2631.54,420434.28,118015.95,476830.14
158,2038-09-01,420434.28,3805.59,1181.38,2624.21,419252.9,119197.33,479461.68
159,2038-10-01,419252.9,3805.59,1188.75,2616.84,418064.15,120386.08,482085.89
160,2038-11-01,418064.15,3805.59,1196.17,2609.42,416867.98,121582.25,484702.73
161,2038-12-01,416867.98,3805.59,1203.64,2601.95,415664.34,122785.89,487312.15
162,2039-01-01,415664.34,3805.59,1211.15,2594.44,414453.18,123997.05,489914.1
163,2039-02-01,414453.18,3805.59,1218.71,2586.88,413234.47,125215.76,492508.53
164,2039-03-01,413234.47,3805.59,1226.32,2579.27,412008.16,126442.07,495095.41
165,2039-04-01,412008.16,3805.59,1233.97,2571.62,410774.18,127676.05,497674.69
166,2039-05-01,410774.18,3805.59,1241.67,2563.92,409532.51,128917.72,500246.3
167,2039-06-01,409532.51,3805.59,1249.42,2556.17,408283.08,130167.15,502810.22
168,2039-07-01,408283.08,3805.59,1257.22,2548.37,407025.86,131424.37,505366.38
169,2039-08-01,407025.86,3805.59,1265.07,2540.52,405760.79,132689.44,507914.75
170,2039-09-01,405760.79,3805.59,1272.97,2532.62,404487.82,133962.41,510455.27
171,2039-10-01,404487.82,3805.59,1280.91,2524.68,403206.91,135243.32,512987.89
172,2039-11-01,403206.91,3805.59,1288.91,2516.68,401918.01,136532.22,515512.57
173,2039-12-01,401918.01,3805.59,1296.95,2508.64,400621.05,137829.18,518029.26
174,2040-01-01,400621.05,3805.59,1305.05,2500.54,399316.01,139134.22,520537.89
175,2040-02-01,399316.01,3805.59,1313.19,2492.4,398002.81,140447.42,523038.44
176,2040-03-01,398002.81,3805.59,1321.39,2484.2,396681.42,141768.81,525530.83
177,2040-04-01,396681.42,3805.59,1329.64,2475.95,395351.79,143098.44,528015.03
178,2040-05-01,395351.79,3805.59,1337.94,2467.65,394013.85,144436.38,530490.99
179,2040-06-01,394013.85,3805.59,1346.29,2459.3,392667.57,145782.66,532958.64
180,2040-07-01,392667.57,3805.59,1354.69,2450.9,391312.88,147137.35,535417.95
181,2040-08-01,391312.88,3805.59,1363.15,2442.44,389949.73,148500.5,537868.85
182,2040-09-01,389949.73,3805.59,1371.65,2433.94,388578.08,149872.15,540311.29
183,2040-10-01,388578.08,3805.59,1380.22,2425.37,387197.86,151252.37,542745.23
184,2040-11-01,387197.86,3805.59,1388.83,2416.76,385809.03,152641.2,545170.6
185,2040-12-01,385809.03,3805.59,1397.5,2408.09,384411.53,154038.7,547587.36
186,2041-01-01,384411.53,3805.59,1406.22,2399.37,383005.31,155444.92,549995.45
187,2041-02-01,383005.31,3805.59,1415.0,2390.59,381590.31,156859.92,552394.82
188,2041-03-01,381590.31,3805.59,1423.83,2381.76,380166.48,158283.75,554785.41
189,2041-04-01,380166.48,3805.59,1432.72,2372.87,378733.76,159716.47,557167.17
190,2041-05-01,378733.76,3805.59,1441.66,2363.93,377292.1,161158.13,559540.04
191,2041-06-01,377292.1,3805.59,1450.66,2354.93,375841.45,162608.78,561903.97
192,2041-07-01,375841.45,3805.59,1459.71,2345.88,374381.73,164068.5,564258.91
193,2041-08-01,374381.73,3805.59,1468.82,2336.77,372912.91,165537.32,566604.78
194,2041-09-01,372912.91,3805.59,1477.99,2327.6,371434.92,167015.31,568941.55
195,2041-10-01,371434.92,3805.59,1487.22,2318.37,369947.7,168502.53,571269.15
196,2041-11-01,369947.7,3805.59,1496.5,2309.09,368451.2,169999.03,573587.52
197,2041-12-01,368451.2,3805.59,1505.84,2299.75,366945.36,171504.87,575896.61
198,2042-01-01,366945.36,3805.59,1515.24,2290.35,365430.12,173020.11,578196.36
199,2042-02-01,365430.12,3805.59,1524.7,2280.89,363905.42,174544.81,580486.71
200,2042-03-01,363905.42,3805.59,1534.21,2271.38,362371.21,176079.02,582767.6
201,2042-04-01,362371.21,3805.59,1543.79,2261.8,360827.42,177622.81,585038.98
202,2042-05-01,360827.42,3805.59,1553.43,2252.16,359273.99,179176.24,587300.78
203,2042-06-01,359273.99,3805.59,1563.12,2242.47,357710.87,180739.36,589552.94
204,2042-07-01,357710.87,3805.59,1572.88,2232.71,356137.99,182312.24,591795.41
205,2042-08-01,356137.99,3805.59,1582.7,2222.89,354555.3,183894.93,594028.12
206,2042-09-01,354555.3,3805.59,1592.57,2213.02,352962.73,185487.5,596251.02
207,2042-10-01,352962.73,3805.59,1602.51,2203.08,351360.21,187090.02,598464.04
208,2042-11-01,351360.21,3805.59,1612.52,2193.07,349747.69,188702.54,600667.11
209,2042-12-01,349747.69,3805.59,1622.58,2183.01,348125.11,190325.12,602860.18
210,2043-01-01,348125.11,3805.59,1632.71,2172.88,346492.4,191957.83,605043.19
211,2043-02-01,346492.4,3805.59,1642.9,2162.69,344849.5,193600.73,607216.07
212,2043-03-01,344849.5,3805.59,1653.15,2152.44,343196.35,195253.88,609378.76
213,2043-04-01,343196.35,3805.59,1663.47,2142.12,341532.88,196917.35,611531.2
214,2043-05-01,341532.88,3805.59,1673.86,2131.73,339859.02,198591.21,613673.32
215,2043-06-01,339859.02,3805.59,1684.3,2121.29,338174.72,200275.51,615805.05
216,2043-07-01,338174.72,3805.59,1694.82,2110.77,336479.9,201970.33,617926.34
217,2043-08-01,336479.9,3805.59,1705.39,2100.2,334774.51,203675.72,620037.11
218,2043-09-01,334774.51,3805.59,1716.04,2089.55,333058.47,205391.76,622137.31
219,2043-10-01,333058.47,3805.59,1726.75,2078.84,331331.72,207118.51,624226.86
220,2043-11-01,331331.72,3805.59,1737.53,2068.06,329594.19,208856.04,626305.7
221,2043-12-01,329594.19,3805.59,1748.37,2057.22,327845.82,210604.41,628373.76
222,2044-01-01,327845.82,3805.59,1759.29,2046.3,326086.53,212363.7,630430.98
223,2044-02-01,326086.53,3805.59,1770.27,2035.32,324316.27,214133.96,632477.28
224,2044-03-01,324316.27,3805.59,1781.32,2024.27,322534.95,215915.28,634512.61
225,2044-04-01,322534.95,3805.59,1792.43,2013.16,320742.51,217707.72,636536.88
226,2044-05-01,320742.51,3805.59,1803.62,2001.97,318938.89,219511.34,638550.03
227,2044-06-01,318938.89,3805.59,1814.88,1990.71,317124.01,221326.22,640552.0
228,2044-07-01,317124.01,3805.59,1826.21,1979.38,315297.81,223152.42,642542.71
229,2044-08-01,315297.81,3805.59,1837.61,1967.98,313460.2,224990.03,644522.1
230,2044-09-01,313460.2,3805.59,1849.08,1956.51,311611.12,226839.11,646490.08
231,2044-10-01,311611.12,3805.59,1860.62,1944.97,309750.51,228699.72,648446.59
232,2044-11-01,309750.51,3805.59,1872.23,1933.36,307878.28,230571.95,650391.57
233,2044-12-01,307878.28,3805.59,1883.92,1921.67,305994.36,232455.87,652324.93
234,2045-01-01,305994.36,3805.59,1895.68,1909.91,304098.68,234351.55,654246.6
235,2045-02-01,304098.68,3805.59,1907.51,1898.08,302191.18,236259.05,656156.51
236,2045-03-01,302191.18,3805.59,1919.41,1886.18,300271.76,238178.47,658054.6
237,2045-04-01,300271.76,3805.59,1931.39,1874.2,298340.37,240109.86,659940.77
238,2045-05-01,298340.37,3805.59,1943.45,1862.14,296396.92,242053.31,661814.97
239,2045-06-01,296396.92,3805.59,1955.58,1850.01,294441.34,244008.89,663677.11
240,2045-07-01,294441.34,3805.59,1967.79,1837.8,292473.56,245976.67,665527.12
241,2045-08-01,292473.56,3805.59,1980.07,1825.52,290493.49,247956.74,667364.93
242,2045-09-01,290493.49,3805.59,1992.43,1813.16,288501.06,249949.17,669190.45
243,2045-10-01,288501.06,3805.59,2004.86,1800.73,286496.2,251954.03,671003.61
244,2045-11-01,286496.2,3805.59,2017.38,1788.21,284478.82,253971.41,672804.34
245,2045-12-01,284478.82,3805.59,2029.97,1775.62,282448.85,256001.38,674592.55
246,2046-01-01,282448.85,3805.59,2042.64,1762.95,280406.22,258044.01,676368.17
247,2046-02-01,280406.22,3805.59,2055.39,1750.2,278350.83,260099.4,678131.13
248,2046-03-01,278350.83,3805.59,2068.22,1737.37,276282.61,262167.62,679881.33
249,2046-04-01,276282.61,3805.59,2081.13,1724.46,274201.49,264248.74,681618.7
250,2046-05-01,274201.49,3805.59,2094.12,1711.47,272107.37,266342.86,683343.17
251,2046-06-01,272107.37,3805.59,2107.19,1698.4,270000.18,268450.05,685054.64
252,2046-07-01,270000.18,3805.59,2120.34,1685.25,267879.84,270570.39,686753.04
253,2046-08-01,267879.84,3805.59,2133.57,1672.02,265746.27,272703.96,688438.29
254,2046-09-01,265746.27,3805.59,2146.89,1658.7,263599.38,274850.85,690110.31
255,2046-10-01,263599.38,3805.59,2160.29,1645.3,261439.09,277011.14,691769.01
256,2046-11-01,261439.09,3805.59,2173.77,1631.82,259265.32,279184.91,693414.31
257,2046-12-01,259265.32,3805.59,2187.34,1618.25,257077.97,281372.26,695046.13
258,2047-01-01,257077.97,3805.59,2200.99,1604.6,254876.98,283573.25,696664.37
259,2047-02-01,254876.98,3805.59,2214.73,1590.86,252662.25,285787.98,698268.97
260,2047-03-01,252662.25,3805.59,2228.56,1577.03,250433.69,288016.54,699859.83
261,2047-04-01,250433.69,3805.59,2242.47,1563.12,248191.22,290259.01,701436.86
262,2047-05-01,248191.22,3805.59,2256.46,1549.13,245934.76,292515.47,702999.98
263,2047-06-01,245934.76,3805.59,2270.55,1535.04,243664.21,294786.02,704549.11
264,2047-07-01,243664.21,3805.59,2284.72,1520.87,241379.49,297070.74,706084.15
265,2047-08-01,241379.49,3805.59,2298.98,1506.61,239080.51,299369.72,707605.02
266,2047-09-01,239080.51,3805.59,2313.33,1492.26,236767.18,301683.05,709111.63
267,2047-10-01,236767.18,3805.59,2327.77,1477.82,234439.42,304010.81,710603.89
268,2047-11-01,234439.42,3805.59,2342.3,1463.29,232097.12,306353.11,712081.72
269,2047-12-01,232097.12,3805.59,2356.92,1448.67,229740.2,308710.03,713545.01
270,2048-01-01,229740.2,3805.59,2371.63,1433.96,227368.57,311081.66,714993.68
271,2048-02-01,227368.57,3805.59,2386.43,1419.16,224982.14,313468.09,716427.64
272,2048-03-01,224982.14,3805.59,2401.33,1404.26,222580.82,315869.41,717846.8
273,2048-04-01,222580.82,3805.59,2416.31,1389.28,220164.5,318285.73,719251.07
274,2048-05-01,220164.5,3805.59,2431.4,1374.19,217733.1,320717.13,720640.34
275,2048-06-01,217733.1,3805.59,2446.57,1359.02,215286.53,323163.7,722014.53
276,2048-07-01,215286.53,3805.59,2461.84,1343.75,212824.69,325625.54,723373.55
277,2048-08-01,212824.69,3805.59,2477.21,1328.38,210347.48,328102.75,724717.3
278,2048-09-01,210347.48,3805.59,2492.67,1312.92,207854.81,330595.42,726045.68
279,2048-10-01,207854.81,3805.59,2508.23,1297.36,205346.58,333103.65,727358.6
280,2048-11-01,205346.58,3805.59,2523.89,1281.7,202822.69,335627.54,728655.96
281,2048-12-01,202822.69,3805.59,2539.64,1265.95,200283.06,338167.17,729937.66
282,2049-01-01,200283.06,3805.59,2555.49,1250.1,197727.57,340722.66,731203.62
283,2049-02-01,197727.57,3805.59,2571.44,1234.15,195156.13,343294.1,732453.72
284,2049-03-01,195156.13,3805.59,2587.49,1218.1,192568.63,345881.6,733687.87
285,2049-04-01,192568.63,3805.59,2603.64,1201.95,189964.99,348485.24,734905.96
286,2049-05-01,189964.99,3805.59,2619.89,1185.7,187345.1,351105.13,736107.91
287,2049-06-01,187345.1,3805.59,2636.24,1169.35,184708.86,353741.37,737293.61
288,2049-07-01,184708.86,3805.59,2652.7,1152.89,182056.16,356394.07,738462.96
289,2049-08-01,182056.16,3805.59,2669.26,1136.33,179386.9,359063.33,739615.85
290,2049-09-01,179386.9,3805.59,2685.92,1119.67,176700.99,361749.24,740752.18
291,2049-10-01,176700.99,3805.59,2702.68,1102.91,173998.3,364451.93,741871.86
292,2049-11-01,173998.3,3805.59,2719.55,1086.04,171278.75,367171.48,742974.76
293,2049-12-01,171278.75,3805.59,2736.53,1069.06,168542.23,369908.0,744060.8
294,2050-01-01,168542.23,3805.59,2753.61,1051.98,165788.62,372661.61,745129.87
295,2050-02-01,165788.62,3805.59,2770.79,1034.8,163017.83,375432.4,746181.85
296,2050-03-01,163017.83,3805.59,2788.09,1017.5,160229.74,378220.49,747216.65
297,2050-04-01,160229.74,3805.59,2805.49,1000.1,157424.25,381025.98,748234.15
298,2050-05-01,157424.25,3805.59,2823.0,982.59,154601.25,383848.98,749234.25
299,2050-06-01,154601.25,3805.59,2840.62,964.97,151760.63,386689.6,750216.84
300,2050-07-01,151760.63,3805.59,2858.35,947.24,148902.28,389547.95,751181.81
301,2050-08-01,148902.28,3805.59,2876.19,929.4,146026.09,392424.14,752129.05
302,2050-09-01,146026.09,3805.59,2894.14,911.45,143131.95,395318.28,753058.45
303,2050-10-01,143131.95,3805.59,2912.21,893.38,140219.74,398230.49,753969.9
304,2050-11-01,140219.74,3805.59,2930.39,875.2,137289.35,401160.88,754863.28
305,2050-12-01,137289.35,3805.59,2948.68,856.91,134340.68,404109.55,755738.48
306,2051-01-01,134340.68,3805.59,2967.08,838.51,131373.6,407076.63,756595.4
307,2051-02-01,131373.6,3805.59,2985.6,819.99,128388.0,410062.23,757433.91
308,2051-03-01,128388.0,3805.59,3004.23,801.36,125383.76,413066.47,758253.9
309,2051-04-01,125383.76,3805.59,3022.99,782.6,122360.78,416089.45,759055.25
310,2051-05-01,122360.78,3805.59,3041.85,763.74,119318.92,419131.31,759837.86
311,2051-06-01,119318.92,3805.59,3060.84,744.75,116258.08,422192.15,760601.59
312,2051-07-01,116258.08,3805.59,3079.95,725.64,113178.14,425272.09,761346.34
313,2051-08-01,113178.14,3805.59,3099.17,706.42,110078.97,428371.26,762071.99
314,2051-09-01,110078.97,3805.59,3118.51,687.08,106960.45,431489.78,762778.41
315,2051-10-01,106960.45,3805.59,3137.98,667.61,103822.47,434627.76,763465.48
316,2051-11-01,103822.47,3805.59,3157.56,648.03,100664.91,437785.32,764133.09
317,2051-12-01,100664.91,3805.59,3177.27,628.32,97487.64,440962.59,764781.12
318,2052-01-01,97487.64,3805.59,3197.1,608.49,94290.53,444159.7,765409.44
319,2052-02-01,94290.53,3805.59,3217.06,588.53,91073.47,447376.76,766017.92
320,2052-03-01,91073.47,3805.59,3237.14,568.45,87836.33,450613.9,766606.45
321,2052-04-01,87836.33,3805.59,3257.34,548.25,84578.99,453871.24,767174.9
322,2052-05-01,84578.99,3805.59,3277.68,527.91,81301.31,457148.92,767723.15
323,2052-06-01,81301.31,3805.59,3298.13,507.46,78003.18,460447.05,768251.06
324,2052-07-01,78003.18,3805.59,3318.72,486.87,74684.46,463765.77,768758.52
325,2052-08-01,74684.46,3805.59,3339.43,466.16,71345.02,467105.21,769245.39
326,2052-09-01,71345.02,3805.59,3360.28,445.31,67984.74,470465.49,769711.54
327,2052-10-01,67984.74,3805.59,3381.25,424.34,64603.49,473846.74,770156.85
328,2052-11-01,64603.49,3805.59,3402.36,403.23,61201.13,477249.1,770581.19
329,2052-12-01,61201.13,3805.59,3423.59,382.0,57777.54,480672.69,770984.42
330,2053-01-01,57777.54,3805.59,3444.96,360.63,54332.58,484117.65,771366.42
331,2053-02-01,54332.58,3805.59,3466.46,339.13,50866.12,487584.11,771727.05
332,2053-03-01,50866.12,3805.59,3488.1,317.49,47378.02,491072.21,772066.18
333,2053-04-01,47378.02,3805.59,3509.87,295.72,43868.14,494582.09,772383.67
334,2053-05-01,43868.14,3805.59,3531.78,273.81,40336.36,498113.87,772679.38
335,2053-06-01,40336.36,3805.59,3553.82,251.77,36782.54,501667.69,772953.19
336,2053-07-01,36782.54,3805.59,3576.01,229.58,33206.53,505243.7,773204.96
337,2053-08-01,33206.53,3805.59,3598.33,207.26,29608.21,508842.02,773434.54
338,2053-09-01,29608.21,3805.59,3620.79,184.8,25987.42,512462.81,773641.81
339,2053-10-01,25987.42,3805.59,3643.39,162.2,22344.04,516106.19,773826.61
340,2053-11-01,22344.04,3805.59,3666.13,139.46,18677.91,519772.32,773988.82
341,2053-12-01,18677.91,3805.59,3689.01,116.58,14988.9,523461.33,774128.28
342,2054-01-01,14988.9,3805.59,3712.03,93.56,11276.87,527173.36,774244.86
343,2054-02-01,11276.87,3805.59,3735.2,70.39,7541.66,530908.57,774338.42
344,2054-03-01,7541.66,3805.59,3758.52,47.07,3783.15,534667.08,774408.8
